<?xml version="1.0" encoding="UTF-8"?>
<!DOCTYPE mapper
        PUBLIC "-//mybatis.org//DTD Mapper 3.0//EN"
        "http://mybatis.org/dtd/mybatis-3-mapper.dtd">

<mapper namespace="com.neutech.mapper.AdminMapper">

    <resultMap id="Base_Admin" type="com.neutech.entity.Admin">
        <id column="id" property="id"/>
        <result column="username" property="username"/>
        <result column="password" property="password"/>
        <result column="email" property="email"/>
        <result column="phone" property="phone"/>
        <result column="role" property="role"/>
        <result column="create_time" property="create_time"/>
        <result column="update_time" property="update_time"/>
    </resultMap>

    <sql id="All_Column">
        id,username,password,email,phone,role,create_time,update_time
    </sql>

    <select id="getUserid" resultType="int">
        select id from umt_user where email=#{email}
    </select>

    
    <select id="getUser" resultMap="Base_Admin">
        select <include refid="All_Column"/> from umt_user where id=#{id}
    </select>
    
    <select id="GetAllUser" resultMap="Base_Admin">
        select <include refid="All_Column"/> from umt_user where role = 0
    </select>
    
    <delete id="RemoveUser">
        delete from umt_user where id = #{id}
    </delete>

    <insert id="addUser">
        insert into umt_user
        (username,password,email,phone,role,create_time,update_time)
        values(#{username},#{password},#{email},#{phone},#{role},#{create_time},#{update_time})
    </insert>

    <update id="modifyUser">
        update umt_user
        <set>
            <if test="username != null">
                username=#{username},
            </if>
            <if test="password != null">
                password=#{password},
            </if>
            <if test="email != null">
                email=#{email},
            </if>
            <if test="phone != null">
                phone=#{phone},
            </if>
            <if test="role != null">
                role=#{role},
            </if>
            <if test="update_time != null">
                update_time=#{update_time}
            </if>
        </set>
        where id = #{id}
    </update>


</mapper>