<?xml version="1.0" encoding="UTF-8" ?>
<!DOCTYPE mapper PUBLIC "-//mybatis.org//DTD Mapper 3.0//EN" "http://mybatis.org/dtd/mybatis-3-mapper.dtd" >
<mapper namespace="com.neutech.mapper.CartMapper">
    <resultMap id="Base_Cart" type="com.neutech.entity.Cart">
        <id column="id" property="id"/>
        <result column="user_id" property="userId"/>
        <result column="product_id" property="productId"/>
        <result column="quantity" property="quantity"/>
        <result column="checked" property="checked"/>
        <result column="create_time" property="createTime"/>
        <result column="update_time" property="updateTime"/>
    </resultMap>

    <sql id="All_Column">
    id,user_id,product_id,quantity,checked,create_time,update_time
    </sql>

    <select id="listCart" resultMap="Base_Cart">
    select
        <include refid="All_Column"/>from pmt_cart where user_id=#{userId}
    </select>

    <select id="getOneByID" resultMap="Base_Cart">
    select
        <include refid="All_Column"/>from pmt_cart where id=#{cartId}
    </select>

    <update id="update">
        update pmt_cart
            <set>
                <if test="user_id!=null">
                    user_id=#{userId},
                </if>
                <if test="product_id != null">
                    product_id={product_Id},
                </if>
                <if test="quantity!=null">
                    quantity=#{quantity},
                </if>
                <if test="checked !=null">
                    checked=#{checked},
                </if>
                <if test="update_time !=null">
                    update_time=#{updatetime}
                </if>
            </set>
        where id=#{id}
    </update>

    <delete id="deleteById">
        delete from pmt_cart
        where user_id=#{param1} and product_id=#{param2}
    </delete>

    <insert id="add">
        insert into pmt_cart(id,user_id,product_id,quantity,checked,create_time,updete_time)
    values (#{id},#{user_id},#{product_id},#{quantity},#{checked},#{create_time},#{updete_time})
    </insert>

    <update id="changeCheck">
        update pmt_cart
        <set>
            <if test="check !=null">
                checked=#{check},
            </if>
        </set>
        where id=#{id} and user_id=#{param1}
    </update>

    <update id="changeCount">
        update pmt_cart
        <set>
            <if test="quantity !=null">
                quantity=#{quantity},
            </if>
        </set>
        where id=#{id} and user_id=#{param1}
    </update>

</mapper>
