<?xml version="1.0" encoding="UTF-8" ?>
<!DOCTYPE mapper
        PUBLIC "-//mybatis.org//DTD Mapper 3.0//EN"
        "http://mybatis.org/dtd/mybatis-3-mapper.dtd">
<mapper namespace="com.neutech.mapper.CategoryMapper">

    <resultMap id="Base_Category" type="com.neutech.entity.Category">
        <id column="id" property="id"/>
        <result column="parent_id" property="parentId"/>
        <result column="name" property="name"/>
        <result column="status" property="status"/>
        <result column="sort_order" property="sortOrder"/>
        <result column="create_time" property="createTime"/>
        <result column="update_time" property="updateTime"/>
    </resultMap>

    <select id="getOneById" resultMap="Base_Category">
        select <include refid="All_Column"/> from cmt_category where id = #{id}
    </select>

    <sql id="All_Column">
        id,parent_id,name,status,sort_order,create_time,update_time
    </sql>

    <!-- 根据pid查询所有子类别的方法 -->
    <select id="listByParentId" resultMap="Base_Category">
        select <include refid="All_Column"/> from cmt_category where parent_id = #{parentId}
    </select>

    <resultMap id="TopStructCategory" type="com.neutech.entity.Category">
        <id column="id" property="id"/>
        <result column="parent_id" property="parentId"/>
        <result column="name" property="name"/>
        <result column="status" property="status"/>
        <result column="sort_order" property="sortOrder"/>
        <result column="create_time" property="createTime"/>
        <result column="update_time" property="updateTime"/>
        <collection property="children" select="listByParentId" column="id"></collection>
    </resultMap>

    <!-- 查询所有一级类别 -->
    <select id="listTopStruct" resultMap="TopStructCategory">
        select <include refid="All_Column"/> from cmt_category where parent_id = 0
    </select>

</mapper>