<?xml version="1.0" encoding="UTF-8"?>
<!DOCTYPE mapper
        PUBLIC "-//mybatis.org//DTD Mapper 3.0//EN"
        "http://mybatis.org/dtd/mybatis-3-mapper.dtd">

<mapper namespace="com.neutech.mapper.OrderMapper">

    <resultMap id="Base_Order" type="com.neutech.entity.Order">
        <id column="id" property="id"/>
        <result column="order_no" property="order_no"/>
        <result column="user_id" property="user_id"/>
        <result column="shipping_id" property="shipping_id"/>
        <result column="payment" property="payment"/>
        <result column="payment_type" property="payment_type"/>
        <result column="postage" property="postage"/>
        <result column="status" property="status"/>
        <result column="payment_time" property="payment_time"/>
        <result column="send_time" property="send_time"/>
        <result column="end_time" property="end_time"/>
        <result column="close_time" property="close_time"/>
        <result column="create_time" property="create_time"/>
        <result column="update_time" property="update_time"/>
    </resultMap>

    <sql id="All_Column">
        id,order_no,user_id,shipping_id,payment,payment_type,postage,status,payment_time,send_time,end_time,close_time,create_time,update_time
    </sql>
    
    <select id="getOrderById" resultMap="Base_Order">
        select <include refid="All_Column"/> from omt_order where id=#{id}
    </select>

    <select id="getOrderByType" resultMap="Base_Order">
        select <include refid="All_Column"/> from omt_order where status=#{status}
    </select>


    <select id="getAllOrder" resultMap="Base_Order">
        select <include refid="All_Column"/> from omt_order
    </select>




</mapper>