<?xml version="1.0" encoding="UTF-8"?>
<!DOCTYPE mapper
        PUBLIC "-//mybatis.org//DTD Mapper 3.0//EN"
        "http://mybatis.org/dtd/mybatis-3-mapper.dtd">

<mapper namespace="com.neutech.mapper.OrderitemMapper">

    <resultMap id="Base_Orderitem" type="com.neutech.entity.Orderitem">
        <id column="id" property="id"/>
        <result column="user_id" property="user_id"/>
        <result column="order_no" property="order_no"/>
        <result column="product_id" property="product_id"/>
        <result column="product_name" property="product_name"/>
        <result column="product_image" property="product_image"/>
        <result column="current_unit_price" property="current_unit_price"/>
        <result column="quantity" property="quantity"/>
        <result column="total_price" property="total_price"/>
        <result column="create_time" property="create_time"/>
        <result column="update_time" property="update_time"/>
    </resultMap>

    <sql id="All_Column">
        id,user_id,order_no,product_id,product_name,product_image,current_unit_price,quantity,total_price,create_time,update_time
    </sql>

    <select id="getOrderitemByUserId" resultMap="Base_Orderitem">
        select <include refid="All_Column"/> from omt_order_item where user_id=#{userId} and order_no=#{orderNo}
    </select>






</mapper>