<?xml version="1.0" encoding="UTF-8"?>
<!DOCTYPE mapper
        PUBLIC "-//mybatis.org//DTD Mapper 3.0//EN"
        "http://mybatis.org/dtd/mybatis-3-mapper.dtd">

<mapper namespace="com.neutech.mapper.payInfoMapper">

    <resultMap id="Base_payInfo" type="com.neutech.entity.payInfo">
        <id column="id" property="id"/>
        <result column="user_id" property="user_id"/>
        <result column="order_no" property="order_no"/>
        <result column="pay_platform" property="pay_platform"/>
        <result column="platform_number" property="platform_number"/>
        <result column="platform_status" property="platform_status"/>
        <result column="create_time" property="create_time"/>
        <result column="update_time" property="update_time"/>
    </resultMap>

    <sql id="All_Column">
        id,user_id,order_no,pay_platform,platform_number,platform_status,create_time,update_time
    </sql>

    <select id="getPayInfoByUserId" resultMap="Base_payInfo">
        select <include refid="All_Column"/> from omt_pay_info where user_id=#{userId} and order_no=#{orderNo}
    </select>






</mapper>