<?xml version="1.0" encoding="UTF-8" ?>
<!DOCTYPE mapper
        PUBLIC "-//mybatis.org//DTD Mapper 3.0//EN"
        "http://mybatis.org/dtd/mybatis-3-mapper.dtd">
<mapper namespace="com.neutech.mapper.ProductMapper">

    <resultMap id="Base_Product" type="com.neutech.entity.Product">
        <id column="id" property="id"/>
        <result column="category_id" property="categoryId"/>
        <result column="name" property="name"/>
        <result column="subtitle" property="subtitle"/>
        <result column="main_image" property="mainImage"/>
        <result column="sub_images" property="subImages"/>
        <result column="detail" property="detail"/>
        <result column="price" property="price"/>
        <result column="stock" property="stock"/>
        <result column="status" property="status"/>
        <result column="create_time" property="createTime"/>
        <result column="update_time" property="updateTime"/>
    </resultMap>

    <select id="listProduct" resultMap="Base_Product">
        select <include refid="All_Column"/> from pmt_product order by id desc
    </select>

    <select id="getProductByCategory" resultMap="Base_Product">
        select <include refid="All_Column"/> from pmt_product where category_id = #{categoryId}
    </select>

    <select id="getProductByName" resultMap="Base_Product">
        <if test="param2 == 0">
            select <include refid="All_Column"/> from pmt_product WHERE name like "%"#{name}"%" order by stock asc
        </if>
        <if test="param2 == 1">
            select <include refid="All_Column"/> from pmt_product WHERE name like "%"#{name}"%" order by stock desc
        </if>
        <if test="param2 == 2">
            select <include refid="All_Column"/> from pmt_product WHERE name like "%"#{name}"%" order by price desc
        </if>
        <if test="param2 == 3">
            select <include refid="All_Column"/> from pmt_product WHERE name like "%"#{name}"%" order by price asc
        </if>
        <if test="param2 == 4">
            select <include refid="All_Column"/> from pmt_product WHERE name like "%"#{name}"%" order by create_time desc
        </if>
        <if test="param2 == 5">
            select <include refid="All_Column"/> from pmt_product WHERE name like "%"#{name}"%" order by create_time asc
        </if>
    </select>


    <select id="getOneById" resultMap="Base_Product">
        select <include refid="All_Column"/> from pmt_product where id = #{id}
    </select>

    <sql id="All_Column">
        id,category_id,name,subtitle,main_image,sub_images,detail,price,stock,status,create_time,update_time
    </sql>

    <insert id="save">
        insert into pmt_product
                (category_id,name,subtitle,main_image,sub_images,detail,price,stock,status,create_time,update_time)
        values(#{categoryId},#{name},#{subtitle},#{mainImage},#{subImages},#{detail},#{price},
               #{stock},#{status},#{createTime},#{updateTime})
    </insert>

    <update id="update">
        update pmt_product
        <set>
            <if test="categoryId != null">
                category_id=#{categoryId},
            </if>
            <if test="name != null">
                name=#{name},
            </if>
            <if test="subtitle != null">
                subtitle=#{subtitle},
            </if>
            <if test="mainImage != null">
                main_image=#{mainImage},
            </if>
            <if test="subImages != null">
                sub_images=#{subImages},
            </if>
            <if test="detail != null">
                detail=#{detail},
            </if>
            <if test="price != null">
                price=#{price},
            </if>
            <if test="stock != null">
                stock=#{stock},
            </if>
            <if test="status != null">
                status=#{status},
            </if>
            <if test="updateTime != null">
                update_time=#{updateTime}
            </if>
        </set>
        where id=#{id}
    </update>

    <delete id="deleteAllByIds">
        delete from pmt_product where id = #{ids}
    </delete>

</mapper>
