<?xml version="1.0" encoding="UTF-8"?>
<!DOCTYPE mapper
        PUBLIC "-//mybatis.org//DTD Mapper 3.0//EN"
        "http://mybatis.org/dtd/mybatis-3-mapper.dtd">

<mapper namespace="com.neutech.mapper.shippingMapper">

    <resultMap id="Base_shipping" type="com.neutech.entity.shipping">
        <id column="id" property="id"/>
        <result column="user_id" property="user_id"/>
        <result column="receiver_name" property="receiver_name"/>
        <result column="receiver_phone" property="receiver_phone"/>
        <result column="receiver_province" property="receiver_province"/>
        <result column="receiver_city" property="receiver_city"/>
        <result column="receiver_district" property="receiver_district"/>
        <result column="receiver_address" property="receiver_address"/>
        <result column="receiver_zip" property="receiver_zip"/>
        <result column="create_time" property="create_time"/>
        <result column="update_time" property="update_time"/>
    </resultMap>

    <sql id="All_Column">
        id,user_id,receiver_name,receiver_phone,receiver_province,receiver_city,receiver_district,receiver_address,receiver_zip,create_time,update_time
    </sql>

    <select id="getShippingByUserId" resultMap="Base_shipping">
        select <include refid="All_Column"/> from umt_shipping where user_id=#{userId}
    </select>






</mapper>